ID,is_toxic,implicit_toxicity,sarcasm,contains_profanity,threatening,identity_attack,sexual_content
BICH_0003,0,0,0,0,0,0,0
BICH_0006,0,0,0,0,0,0,0
BICH_0007,0,0,0,0,0,0,0
BICH_0011,0,0,0,0,0,0,0
BICH_0012,0,0,0,0,0,0,0
BICH_0013,0,0,0,0,0,0,0
BICH_0015,0,0,0,0,0,0,0
BICH_0017,0,0,0,0,0,0,0
BICH_0018,0,0,0,0,0,0,0
BICH_0023,0,0,0,0,0,0,0
BICH_0057,0,0,0,0,0,0,0
BICH_0065,0,0,0,0,0,0,0
BICH_0069,0,0,0,0,0,0,0
BICH_0077,0,0,0,0,0,0,0
BICH_0088,0,0,0,0,0,0,0
BICH_0104,0,0,0,0,0,0,0
BICH_0119,0,0,0,0,0,0,0
BICH_0130,0,0,0,0,0,0,0
BICH_0145,0,0,0,0,0,0,0
BICH_0148,0,0,0,0,0,0,0
BICH_0149,0,0,0,0,0,0,0
BICH_0150,0,0,0,0,0,0,0
BICH_0151,0,0,0,0,0,0,0
BICH_0157,0,0,0,0,0,0,0
BICH_0158,0,0,0,0,0,0,0
BICH_0162,0,0,0,0,0,0,0
BICH_0164,0,0,0,0,0,0,0
BICH_0165,0,0,0,0,0,0,0
BICH_0173,0,0,0,0,0,0,0
BICH_0175,0,0,0,0,0,0,0
BICH_0185,0,0,0,0,0,0,0
BICH_0193,0,0,0,0,0,0,0
BICH_0197,0,0,0,0,0,0,0
BICH_0204,0,0,0,0,0,0,0
BICH_0206,0,0,0,0,0,0,0
BICH_0210,0,0,0,0,0,0,0
BICH_0219,0,0,0,0,0,0,0
BICH_0220,0,0,0,0,0,0,0
BICH_0228,0,0,0,0,0,0,0
BICH_0229,0,0,0,0,0,0,0
BICH_0239,0,0,0,0,0,0,0
BICH_0246,0,0,0,0,0,0,0
BICH_0248,0,0,0,0,0,0,0
BICH_0253,0,0,0,0,0,0,0
BICH_0254,0,0,0,0,0,0,0
BICH_0257,0,0,0,0,0,0,0
BICH_0264,0,0,0,0,0,0,0
BICH_0275,0,0,0,0,0,0,0
BICH_0277,0,0,0,0,0,0,0
BICH_0289,0,0,0,0,0,0,0
BICH_0298,0,0,0,0,0,0,0
BICH_0306,0,0,0,0,0,0,0
BICH_0310,0,0,0,0,0,0,0
BICH_0314,0,0,0,0,0,0,0
BICH_0315,0,0,0,0,0,0,0
BICH_0320,0,0,0,0,0,0,0
BICH_0321,0,0,0,0,0,0,0
BICH_0323,0,0,0,0,0,0,0
BICH_0324,0,0,0,0,0,0,0
BICH_0337,0,0,0,0,0,0,0
BICH_0338,0,0,0,0,0,0,0
BICH_0342,0,0,0,0,0,0,0
BICH_0345,0,0,0,0,0,0,0
BICH_0361,0,0,0,0,0,0,0
BICH_0363,0,0,0,0,0,0,0
BICH_0366,0,0,0,0,0,0,0
BICH_0368,0,0,0,0,0,0,0
BICH_0378,0,0,0,0,0,0,0
BICH_0381,0,0,0,0,0,0,0
BICH_0383,0,0,0,0,0,0,0
BICH_0388,0,0,0,0,0,0,0
BICH_0395,0,0,0,0,0,0,0
BICH_0398,0,0,0,0,0,0,0
BICH_0404,0,0,0,0,0,0,0
BICH_0405,0,0,0,0,0,0,0
BICH_0407,0,0,0,0,0,0,0
BICH_0409,0,0,0,0,0,0,0
BICH_0413,0,0,0,0,0,0,0
BICH_0422,0,0,0,0,0,0,0
BICH_0430,0,0,0,0,0,0,0
BICH_0432,0,0,0,0,0,0,0
BICH_0436,0,0,0,0,0,0,0
BICH_0449,0,0,0,0,0,0,0
BICH_0456,0,0,0,0,0,0,0
BICH_0459,0,0,0,0,0,0,0
BICH_0463,0,0,0,0,0,0,0
BICH_0464,0,0,0,0,0,0,0
BICH_0471,0,0,0,0,0,0,0
BICH_0475,0,0,0,0,0,0,0
BICH_0478,0,0,0,0,0,0,0
BICH_0481,0,0,0,0,0,0,0
BICH_0486,0,0,0,0,0,0,0
BICH_0488,0,0,0,0,0,0,0
BICH_0504,0,0,0,0,0,0,0
BICH_0520,0,0,0,0,0,0,0
BICH_0521,0,0,0,0,0,0,0
BICH_0522,0,0,0,0,0,0,0
BICH_0529,0,0,0,0,0,0,0
BICH_0530,0,0,0,0,0,0,0
BICH_0535,0,0,0,0,0,0,0
BICH_0537,0,0,0,0,0,0,0
BICH_0545,0,0,0,0,0,0,0
BICH_0558,0,0,0,0,0,0,0
BICH_0562,0,0,0,0,0,0,0
BICH_0564,0,0,0,0,0,0,0
BICH_0565,0,0,0,0,0,0,0
BICH_0568,0,0,0,0,0,0,0
BICH_0572,0,0,0,0,0,0,0
BICH_0575,0,0,0,0,0,0,0
BICH_0580,0,0,0,0,0,0,0
BICH_0581,0,0,0,0,0,0,0
BICH_0585,0,0,0,0,0,0,0
BICH_0593,0,0,0,0,0,0,0
BICH_0596,0,0,0,0,0,0,0
BICH_0597,0,0,0,0,0,0,0
BICH_0606,0,0,0,0,0,0,0
BICH_0613,0,0,0,0,0,0,0
BICH_0615,0,0,0,0,0,0,0
BICH_0625,0,0,0,0,0,0,0
BICH_0629,0,0,0,0,0,0,0
BICH_0635,0,0,0,0,0,0,0
BICH_0640,0,0,0,0,0,0,0
BICH_0641,0,0,0,0,0,0,0
BICH_0642,0,0,0,0,0,0,0
BICH_0644,0,0,0,0,0,0,0
BICH_0651,0,0,0,0,0,0,0
BICH_0659,0,0,0,0,0,0,0
BICH_0665,0,0,0,0,0,0,0
BICH_0669,0,0,0,0,0,0,0
BICH_0673,0,0,0,0,0,0,0
BICH_0677,0,0,0,0,0,0,0
BICH_0679,0,0,0,0,0,0,0
BICH_0680,0,0,0,0,0,0,0
BICH_0681,0,0,0,0,0,0,0
BICH_0695,0,0,0,0,0,0,0
BICH_0698,0,0,0,0,0,0,0
BICH_0705,0,0,0,0,0,0,0
BICH_0707,0,0,0,0,0,0,0
BICH_0715,0,0,0,0,0,0,0
BICH_0719,0,0,0,0,0,0,0
BICH_0721,0,0,0,0,0,0,0
BICH_0722,0,0,0,0,0,0,0
BICH_0728,0,0,0,0,0,0,0
BICH_0729,0,0,0,0,0,0,0
BICH_0738,0,0,0,0,0,0,0
BICH_0741,0,0,0,0,0,0,0
BICH_0743,0,0,0,0,0,0,0
BICH_0759,0,0,0,0,0,0,0
BICH_0764,0,0,0,0,0,0,0
BICH_0766,0,0,0,0,0,0,0
BICH_0768,0,0,0,0,0,0,0
BICH_0780,0,0,0,0,0,0,0
BICH_0784,0,0,0,0,0,0,0
BICH_0786,0,0,0,0,0,0,0
BICH_0790,0,0,0,0,0,0,0
BICH_0794,0,0,0,0,0,0,0
BICH_0797,0,0,0,0,0,0,0
BICH_0805,0,0,0,0,0,0,0
BICH_0810,0,0,0,0,0,0,0
BICH_0812,0,0,0,0,0,0,0
BICH_0819,0,0,0,0,0,0,0
BICH_0820,0,0,0,0,0,0,0
BICH_0828,0,0,0,0,0,0,0
BICH_0831,0,0,0,0,0,0,0
BICH_0832,0,0,0,0,0,0,0
BICH_0836,0,0,0,0,0,0,0
BICH_0838,0,0,0,0,0,0,0
BICH_0843,0,0,0,0,0,0,0
BICH_0854,0,0,0,0,0,0,0
BICH_0859,0,0,0,0,0,0,0
BICH_0874,0,0,0,0,0,0,0
BICH_0876,0,0,0,0,0,0,0
BICH_0884,0,0,0,0,0,0,0
BICH_0890,0,0,0,0,0,0,0
BICH_0891,0,0,0,0,0,0,0
BICH_0892,0,0,0,0,0,0,0
BICH_0897,0,0,0,0,0,0,0
BICH_0900,0,0,0,0,0,0,0
BICH_0901,0,0,0,0,0,0,0
BICH_0910,0,0,0,0,0,0,0
BICH_0912,0,0,0,0,0,0,0
BICH_0924,0,0,0,0,0,0,0
BICH_0925,0,0,0,0,0,0,0
BICH_0926,0,0,0,0,0,0,0
BICH_0930,0,0,0,0,0,0,0
BICH_0942,0,0,0,0,0,0,0
BICH_0944,0,0,0,0,0,0,0
BICH_0945,0,0,0,0,0,0,0
BICH_0953,0,0,0,0,0,0,0
BICH_0957,0,0,0,0,0,0,0
BICH_0959,0,0,0,0,0,0,0
BICH_0960,0,0,0,0,0,0,0
BICH_0963,0,0,0,0,0,0,0
BICH_0972,0,0,0,0,0,0,0
BICH_0974,0,0,0,0,0,0,0
BICH_0976,0,0,0,0,0,0,0
BICH_0978,0,0,0,0,0,0,0
BICH_0979,0,0,0,0,0,0,0
BICH_0981,0,0,0,0,0,0,0
BICH_0989,0,0,0,0,0,0,0
BICH_0992,0,0,0,0,0,0,0
BICH_0994,0,0,0,0,0,0,0
BICH_0997,0,0,0,0,0,0,0
BICH_0998,0,0,0,0,0,0,0
BICH_0999,0,0,0,0,0,0,0
BICH_1015,0,0,0,0,0,0,0
BICH_1018,0,0,0,0,0,0,0
BICH_1019,0,0,0,0,0,0,0
BICH_1020,0,0,0,0,0,0,0
BICH_1021,0,0,0,0,0,0,0
BICH_1022,0,0,0,0,0,0,0
BICH_1027,0,0,0,0,0,0,0
BICH_1045,0,0,0,0,0,0,0
BICH_1049,0,0,0,0,0,0,0
BICH_1052,0,0,0,0,0,0,0
BICH_1056,0,0,0,0,0,0,0
BICH_1060,0,0,0,0,0,0,0
BICH_1064,0,0,0,0,0,0,0
BICH_1065,0,0,0,0,0,0,0
BICH_1066,0,0,0,0,0,0,0
BICH_1082,0,0,0,0,0,0,0
BICH_1083,0,0,0,0,0,0,0
BICH_1087,0,0,0,0,0,0,0
BICH_1089,0,0,0,0,0,0,0
BICH_1091,0,0,0,0,0,0,0
BICH_1092,0,0,0,0,0,0,0
BICH_1118,0,0,0,0,0,0,0
BICH_1126,0,0,0,0,0,0,0
BICH_1128,0,0,0,0,0,0,0
BICH_1137,0,0,0,0,0,0,0
BICH_1143,0,0,0,0,0,0,0
BICH_1148,0,0,0,0,0,0,0
BICH_1154,0,0,0,0,0,0,0
BICH_1161,0,0,0,0,0,0,0
BICH_1162,0,0,0,0,0,0,0
BICH_1172,0,0,0,0,0,0,0
BICH_1173,0,0,0,0,0,0,0
BICH_1188,0,0,0,0,0,0,0
BICH_1199,0,0,0,0,0,0,0
BICH_1200,0,0,0,0,0,0,0
BICH_1205,0,0,0,0,0,0,0
BICH_1209,0,0,0,0,0,0,0
BICH_1211,0,0,0,0,0,0,0
BICH_1220,0,0,0,0,0,0,0
BICH_1223,0,0,0,0,0,0,0
BICH_1224,0,0,0,0,0,0,0
BICH_1229,0,0,0,0,0,0,0
BICH_1235,0,0,0,0,0,0,0
BICH_1236,0,0,0,0,0,0,0
BICH_1249,0,0,0,0,0,0,0
BICH_1253,0,0,0,0,0,0,0
BICH_1254,0,0,0,0,0,0,0
BICH_1260,0,0,0,0,0,0,0
BICH_1262,0,0,0,0,0,0,0
BICH_1265,0,0,0,0,0,0,0
BICH_1268,0,0,0,0,0,0,0
BICH_1272,0,0,0,0,0,0,0
BICH_1279,0,0,0,0,0,0,0
BICH_1280,0,0,0,0,0,0,0
BICH_1282,0,0,0,0,0,0,0
BICH_1283,0,0,0,0,0,0,0
BICH_1286,0,0,0,0,0,0,0
BICH_1291,0,0,0,0,0,0,0
BICH_1293,0,0,0,0,0,0,0
BICH_1296,0,0,0,0,0,0,0
BICH_1297,0,0,0,0,0,0,0
BICH_1302,0,0,0,0,0,0,0
BICH_1306,0,0,0,0,0,0,0
BICH_1307,0,0,0,0,0,0,0
BICH_1309,0,0,0,0,0,0,0
BICH_1310,0,0,0,0,0,0,0
BICH_1312,0,0,0,0,0,0,0
BICH_1313,0,0,0,0,0,0,0
BICH_1316,0,0,0,0,0,0,0
BICH_1318,0,0,0,0,0,0,0
BICH_1324,0,0,0,0,0,0,0
BICH_1325,0,0,0,0,0,0,0
BICH_1330,0,0,0,0,0,0,0
BICH_1333,0,0,0,0,0,0,0
BICH_1335,0,0,0,0,0,0,0
BICH_1338,0,0,0,0,0,0,0
BICH_1339,0,0,0,0,0,0,0
BICH_1348,0,0,0,0,0,0,0
BICH_1349,0,0,0,0,0,0,0
BICH_1353,0,0,0,0,0,0,0
BICH_1355,0,0,0,0,0,0,0
BICH_1361,0,0,0,0,0,0,0
BICH_1364,0,0,0,0,0,0,0
BICH_1378,0,0,0,0,0,0,0
BICH_1386,0,0,0,0,0,0,0
BICH_1387,0,0,0,0,0,0,0
BICH_1389,0,0,0,0,0,0,0
BICH_1393,0,0,0,0,0,0,0
BICH_1400,0,0,0,0,0,0,0
BICH_1402,0,0,0,0,0,0,0
BICH_1405,0,0,0,0,0,0,0
BICH_1424,0,0,0,0,0,0,0
BICH_1436,0,0,0,0,0,0,0
BICH_1439,0,0,0,0,0,0,0
BICH_1445,0,0,0,0,0,0,0
BICH_1447,0,0,0,0,0,0,0
BICH_1451,0,0,0,0,0,0,0
BICH_1453,0,0,0,0,0,0,0
BICH_1469,0,0,0,0,0,0,0
BICH_1470,0,0,0,0,0,0,0
BICH_1472,0,0,0,0,0,0,0
BICH_1476,0,0,0,0,0,0,0
BICH_1477,0,0,0,0,0,0,0
BICH_1479,0,0,0,0,0,0,0
BICH_1484,0,0,0,0,0,0,0
BICH_1498,0,0,0,0,0,0,0
BICH_1514,0,0,0,0,0,0,0
BICH_1526,0,0,0,0,0,0,0
BICH_1535,0,0,0,0,0,0,0
BICH_1536,0,0,0,0,0,0,0
BICH_1548,0,0,0,0,0,0,0
BICH_1550,0,0,0,0,0,0,0
BICH_1553,0,0,0,0,0,0,0
BICH_1561,0,0,0,0,0,0,0
BICH_1568,0,0,0,0,0,0,0
BICH_1573,0,0,0,0,0,0,0
BICH_1574,0,0,0,0,0,0,0
BICH_1579,0,0,0,0,0,0,0
BICH_1587,0,0,0,0,0,0,0
BICH_1602,0,0,0,0,0,0,0
BICH_1605,0,0,0,0,0,0,0
BICH_1611,0,0,0,0,0,0,0
BICH_1613,0,0,0,0,0,0,0
BICH_1625,0,0,0,0,0,0,0
BICH_1631,0,0,0,0,0,0,0
BICH_1635,0,0,0,0,0,0,0
BICH_1636,0,0,0,0,0,0,0
BICH_1643,0,0,0,0,0,0,0
BICH_1645,0,0,0,0,0,0,0
BICH_1651,0,0,0,0,0,0,0
BICH_1654,0,0,0,0,0,0,0
BICH_1661,0,0,0,0,0,0,0
BICH_1667,0,0,0,0,0,0,0
BICH_1669,0,0,0,0,0,0,0
BICH_1674,0,0,0,0,0,0,0
BICH_1675,0,0,0,0,0,0,0
BICH_1684,0,0,0,0,0,0,0
BICH_1686,0,0,0,0,0,0,0
BICH_1689,0,0,0,0,0,0,0
BICH_1691,0,0,0,0,0,0,0
BICH_1692,0,0,0,0,0,0,0
BICH_1696,0,0,0,0,0,0,0
BICH_1698,0,0,0,0,0,0,0
BICH_1699,0,0,0,0,0,0,0
BICH_1702,0,0,0,0,0,0,0
BICH_1706,0,0,0,0,0,0,0
BICH_1710,0,0,0,0,0,0,0
BICH_1713,0,0,0,0,0,0,0
BICH_1714,0,0,0,0,0,0,0
BICH_1717,0,0,0,0,0,0,0
BICH_1725,0,0,0,0,0,0,0
BICH_1739,0,0,0,0,0,0,0
BICH_1740,0,0,0,0,0,0,0
BICH_1743,0,0,0,0,0,0,0
BICH_1763,0,0,0,0,0,0,0
BICH_1765,0,0,0,0,0,0,0
BICH_1767,0,0,0,0,0,0,0
BICH_1768,0,0,0,0,0,0,0
BICH_1778,0,0,0,0,0,0,0
BICH_1787,0,0,0,0,0,0,0
BICH_1798,0,0,0,0,0,0,0
BICH_1800,0,0,0,0,0,0,0
BICH_1808,0,0,0,0,0,0,0
BICH_1815,0,0,0,0,0,0,0
BICH_1822,0,0,0,0,0,0,0
BICH_1825,0,0,0,0,0,0,0
BICH_1833,0,0,0,0,0,0,0
BICH_1834,0,0,0,0,0,0,0
BICH_1840,0,0,0,0,0,0,0
BICH_1849,0,0,0,0,0,0,0
BICH_1851,0,0,0,0,0,0,0
BICH_1853,0,0,0,0,0,0,0
BICH_1854,0,0,0,0,0,0,0
BICH_1857,0,0,0,0,0,0,0
BICH_1859,0,0,0,0,0,0,0
BICH_1861,0,0,0,0,0,0,0
BICH_1862,0,0,0,0,0,0,0
BICH_1864,0,0,0,0,0,0,0
BICH_1869,0,0,0,0,0,0,0
BICH_1885,0,0,0,0,0,0,0
BICH_1894,0,0,0,0,0,0,0
BICH_1895,0,0,0,0,0,0,0
BICH_1905,0,0,0,0,0,0,0
BICH_1907,0,0,0,0,0,0,0
BICH_1912,0,0,0,0,0,0,0
BICH_1914,0,0,0,0,0,0,0
BICH_1919,0,0,0,0,0,0,0
BICH_1934,0,0,0,0,0,0,0
BICH_1936,0,0,0,0,0,0,0
BICH_1945,0,0,0,0,0,0,0
BICH_1948,0,0,0,0,0,0,0
BICH_1950,0,0,0,0,0,0,0
BICH_1955,0,0,0,0,0,0,0
BICH_1957,0,0,0,0,0,0,0
BICH_1961,0,0,0,0,0,0,0
BICH_1964,0,0,0,0,0,0,0
BICH_1969,0,0,0,0,0,0,0
BICH_1975,0,0,0,0,0,0,0
BICH_1976,0,0,0,0,0,0,0
BICH_1982,0,0,0,0,0,0,0
BICH_1986,0,0,0,0,0,0,0
BICH_1995,0,0,0,0,0,0,0
BICH_2003,0,0,0,0,0,0,0
BICH_2007,0,0,0,0,0,0,0
BICH_2009,0,0,0,0,0,0,0
BICH_2012,0,0,0,0,0,0,0
BICH_2019,0,0,0,0,0,0,0
BICH_2027,0,0,0,0,0,0,0
BICH_2036,0,0,0,0,0,0,0
BICH_2041,0,0,0,0,0,0,0
BICH_2044,0,0,0,0,0,0,0
BICH_2046,0,0,0,0,0,0,0
BICH_2047,0,0,0,0,0,0,0
BICH_2049,0,0,0,0,0,0,0
BICH_2052,0,0,0,0,0,0,0
BICH_2053,0,0,0,0,0,0,0
BICH_2054,0,0,0,0,0,0,0
BICH_2056,0,0,0,0,0,0,0
BICH_2060,0,0,0,0,0,0,0
BICH_2062,0,0,0,0,0,0,0
BICH_2064,0,0,0,0,0,0,0
BICH_2066,0,0,0,0,0,0,0
BICH_2067,0,0,0,0,0,0,0
BICH_2076,0,0,0,0,0,0,0
BICH_2077,0,0,0,0,0,0,0
BICH_2081,0,0,0,0,0,0,0
BICH_2082,0,0,0,0,0,0,0
BICH_2087,0,0,0,0,0,0,0
BICH_2095,0,0,0,0,0,0,0
BICH_2111,0,0,0,0,0,0,0
BICH_2119,0,0,0,0,0,0,0
BICH_2122,0,0,0,0,0,0,0
BICH_2126,0,0,0,0,0,0,0
BICH_2131,0,0,0,0,0,0,0
BICH_2132,0,0,0,0,0,0,0
BICH_2134,0,0,0,0,0,0,0
BICH_2135,0,0,0,0,0,0,0
BICH_2140,0,0,0,0,0,0,0
BICH_2149,0,0,0,0,0,0,0
BICH_2153,0,0,0,0,0,0,0
BICH_2156,0,0,0,0,0,0,0
BICH_2157,0,0,0,0,0,0,0
BICH_2158,0,0,0,0,0,0,0
BICH_2162,0,0,0,0,0,0,0
BICH_2164,0,0,0,0,0,0,0
BICH_2167,0,0,0,0,0,0,0
BICH_2168,0,0,0,0,0,0,0
BICH_2169,0,0,0,0,0,0,0
BICH_2171,0,0,0,0,0,0,0
BICH_2175,0,0,0,0,0,0,0
BICH_2181,0,0,0,0,0,0,0
BICH_2199,0,0,0,0,0,0,0
BICH_2205,0,0,0,0,0,0,0
BICH_2206,0,0,0,0,0,0,0
BICH_2209,0,0,0,0,0,0,0
BICH_2215,0,0,0,0,0,0,0
BICH_2241,0,0,0,0,0,0,0
BICH_2247,0,0,0,0,0,0,0
BICH_2249,0,0,0,0,0,0,0
BICH_2252,0,0,0,0,0,0,0
BICH_2259,0,0,0,0,0,0,0
BICH_2263,0,0,0,0,0,0,0
BICH_2271,0,0,0,0,0,0,0
BICH_2276,0,0,0,0,0,0,0
BICH_2277,0,0,0,0,0,0,0
BICH_2279,0,0,0,0,0,0,0
BICH_2284,0,0,0,0,0,0,0
BICH_2292,0,0,0,0,0,0,0
BICH_2300,0,0,0,0,0,0,0
BICH_2302,0,0,0,0,0,0,0
BICH_2306,0,0,0,0,0,0,0
BICH_2314,0,0,0,0,0,0,0
BICH_2321,0,0,0,0,0,0,0
BICH_2328,0,0,0,0,0,0,0
BICH_2332,0,0,0,0,0,0,0
BICH_2333,0,0,0,0,0,0,0
BICH_2338,0,0,0,0,0,0,0
BICH_2341,0,0,0,0,0,0,0
BICH_2342,0,0,0,0,0,0,0
BICH_2349,0,0,0,0,0,0,0
BICH_2355,0,0,0,0,0,0,0
BICH_2356,0,0,0,0,0,0,0
BICH_2358,0,0,0,0,0,0,0
BICH_2362,0,0,0,0,0,0,0
BICH_2366,0,0,0,0,0,0,0
BICH_2369,0,0,0,0,0,0,0
BICH_2371,0,0,0,0,0,0,0
BICH_2381,0,0,0,0,0,0,0
BICH_2382,0,0,0,0,0,0,0
BICH_2387,0,0,0,0,0,0,0
BICH_2388,0,0,0,0,0,0,0
BICH_2392,0,0,0,0,0,0,0
BICH_2398,0,0,0,0,0,0,0
BICH_2405,0,0,0,0,0,0,0
BICH_2408,0,0,0,0,0,0,0
BICH_2416,0,0,0,0,0,0,0
BICH_2429,0,0,0,0,0,0,0
BICH_2432,0,0,0,0,0,0,0
BICH_2436,0,0,0,0,0,0,0
BICH_2442,0,0,0,0,0,0,0
BICH_2452,0,0,0,0,0,0,0
BICH_2456,0,0,0,0,0,0,0
BICH_2462,0,0,0,0,0,0,0
BICH_2474,0,0,0,0,0,0,0
BICH_2477,0,0,0,0,0,0,0
BICH_2480,0,0,0,0,0,0,0
BICH_2482,0,0,0,0,0,0,0
BICH_2487,0,0,0,0,0,0,0
BICH_2498,0,0,0,0,0,0,0
BICH_2499,0,0,0,0,0,0,0
BICH_2510,0,0,0,0,0,0,0
BICH_2512,0,0,0,0,0,0,0
BICH_2515,0,0,0,0,0,0,0
BICH_2516,0,0,0,0,0,0,0
BICH_2519,0,0,0,0,0,0,0
BICH_2522,0,0,0,0,0,0,0
BICH_2524,0,0,0,0,0,0,0
BICH_2540,0,0,0,0,0,0,0
BICH_2547,0,0,0,0,0,0,0
BICH_2552,0,0,0,0,0,0,0
BICH_2554,0,0,0,0,0,0,0
BICH_2556,0,0,0,0,0,0,0
BICH_2557,0,0,0,0,0,0,0
BICH_2571,0,0,0,0,0,0,0
BICH_2576,0,0,0,0,0,0,0
BICH_2581,0,0,0,0,0,0,0
BICH_2590,0,0,0,0,0,0,0
BICH_2598,0,0,0,0,0,0,0
BICH_2601,0,0,0,0,0,0,0
BICH_2607,0,0,0,0,0,0,0
BICH_2609,0,0,0,0,0,0,0
BICH_2612,0,0,0,0,0,0,0
BICH_2619,0,0,0,0,0,0,0
BICH_2620,0,0,0,0,0,0,0
BICH_2621,0,0,0,0,0,0,0
BICH_2629,0,0,0,0,0,0,0
BICH_2633,0,0,0,0,0,0,0
BICH_2640,0,0,0,0,0,0,0
BICH_2647,0,0,0,0,0,0,0
BICH_2649,0,0,0,0,0,0,0
BICH_2665,0,0,0,0,0,0,0
BICH_2668,0,0,0,0,0,0,0
BICH_2675,0,0,0,0,0,0,0
BICH_2682,0,0,0,0,0,0,0
BICH_2689,0,0,0,0,0,0,0
BICH_2690,0,0,0,0,0,0,0
BICH_2711,0,0,0,0,0,0,0
BICH_2716,0,0,0,0,0,0,0
BICH_2717,0,0,0,0,0,0,0
BICH_2721,0,0,0,0,0,0,0
BICH_2727,0,0,0,0,0,0,0
BICH_2732,0,0,0,0,0,0,0
BICH_2738,0,0,0,0,0,0,0
BICH_2741,0,0,0,0,0,0,0
BICH_2744,0,0,0,0,0,0,0
BICH_2748,0,0,0,0,0,0,0
BICH_2755,0,0,0,0,0,0,0
BICH_2768,0,0,0,0,0,0,0
BICH_2770,0,0,0,0,0,0,0
BICH_2777,0,0,0,0,0,0,0
BICH_2781,0,0,0,0,0,0,0
BICH_2782,0,0,0,0,0,0,0
BICH_2791,0,0,0,0,0,0,0
BICH_2794,0,0,0,0,0,0,0
BICH_2799,0,0,0,0,0,0,0
BICH_2808,0,0,0,0,0,0,0
BICH_2816,0,0,0,0,0,0,0
BICH_2819,0,0,0,0,0,0,0
BICH_2822,0,0,0,0,0,0,0
BICH_2824,0,0,0,0,0,0,0
BICH_2834,0,0,0,0,0,0,0
BICH_2847,0,0,0,0,0,0,0
BICH_2853,0,0,0,0,0,0,0
BICH_2860,0,0,0,0,0,0,0
BICH_2861,0,0,0,0,0,0,0
BICH_2862,0,0,0,0,0,0,0
BICH_2871,0,0,0,0,0,0,0
BICH_2872,0,0,0,0,0,0,0
BICH_2874,0,0,0,0,0,0,0
BICH_2877,0,0,0,0,0,0,0
BICH_2879,0,0,0,0,0,0,0
BICH_2892,0,0,0,0,0,0,0
BICH_2899,0,0,0,0,0,0,0
BICH_2900,0,0,0,0,0,0,0
BICH_2909,0,0,0,0,0,0,0
BICH_2912,0,0,0,0,0,0,0
BICH_2915,0,0,0,0,0,0,0
BICH_2917,0,0,0,0,0,0,0
BICH_2919,0,0,0,0,0,0,0
BICH_2927,0,0,0,0,0,0,0
BICH_2934,0,0,0,0,0,0,0
BICH_2939,0,0,0,0,0,0,0
BICH_2944,0,0,0,0,0,0,0
BICH_2946,0,0,0,0,0,0,0
BICH_2951,0,0,0,0,0,0,0
BICH_2953,0,0,0,0,0,0,0
BICH_2954,0,0,0,0,0,0,0
BICH_2955,0,0,0,0,0,0,0
BICH_2958,0,0,0,0,0,0,0
BICH_2966,0,0,0,0,0,0,0
BICH_2971,0,0,0,0,0,0,0
BICH_2973,0,0,0,0,0,0,0
BICH_2983,0,0,0,0,0,0,0
BICH_2984,0,0,0,0,0,0,0
BICH_2989,0,0,0,0,0,0,0
BICH_2995,0,0,0,0,0,0,0
BICH_3003,0,0,0,0,0,0,0
BICH_3004,0,0,0,0,0,0,0
BICH_3006,0,0,0,0,0,0,0
BICH_3007,0,0,0,0,0,0,0
BICH_3011,0,0,0,0,0,0,0
BICH_3013,0,0,0,0,0,0,0
BICH_3028,0,0,0,0,0,0,0
BICH_3036,0,0,0,0,0,0,0
BICH_3038,0,0,0,0,0,0,0
BICH_3039,0,0,0,0,0,0,0
BICH_3041,0,0,0,0,0,0,0
BICH_3045,0,0,0,0,0,0,0
BICH_3048,0,0,0,0,0,0,0
BICH_3050,0,0,0,0,0,0,0
BICH_3052,0,0,0,0,0,0,0
BICH_3059,0,0,0,0,0,0,0
BICH_3061,0,0,0,0,0,0,0
BICH_3063,0,0,0,0,0,0,0
BICH_3064,0,0,0,0,0,0,0
BICH_3067,0,0,0,0,0,0,0
BICH_3068,0,0,0,0,0,0,0
BICH_3075,0,0,0,0,0,0,0
BICH_3080,0,0,0,0,0,0,0
BICH_3094,0,0,0,0,0,0,0
BICH_3096,0,0,0,0,0,0,0
BICH_3098,0,0,0,0,0,0,0
BICH_3105,0,0,0,0,0,0,0
BICH_3106,0,0,0,0,0,0,0
BICH_3108,0,0,0,0,0,0,0
BICH_3123,0,0,0,0,0,0,0
BICH_3125,0,0,0,0,0,0,0
BICH_3130,0,0,0,0,0,0,0
BICH_3133,0,0,0,0,0,0,0
BICH_3150,0,0,0,0,0,0,0
BICH_3154,0,0,0,0,0,0,0
BICH_3155,0,0,0,0,0,0,0
BICH_3157,0,0,0,0,0,0,0
BICH_3160,0,0,0,0,0,0,0
BICH_3175,0,0,0,0,0,0,0
BICH_3178,0,0,0,0,0,0,0
BICH_3179,0,0,0,0,0,0,0
BICH_3186,0,0,0,0,0,0,0
BICH_3187,0,0,0,0,0,0,0
BICH_3190,0,0,0,0,0,0,0
BICH_3194,0,0,0,0,0,0,0
BICH_3198,0,0,0,0,0,0,0
BICH_3199,0,0,0,0,0,0,0
BICH_3203,0,0,0,0,0,0,0
BICH_3212,0,0,0,0,0,0,0
BICH_3217,0,0,0,0,0,0,0
BICH_3223,0,0,0,0,0,0,0
BICH_3224,0,0,0,0,0,0,0
BICH_3225,0,0,0,0,0,0,0
BICH_3226,0,0,0,0,0,0,0
BICH_3230,0,0,0,0,0,0,0
BICH_3232,0,0,0,0,0,0,0
BICH_3235,0,0,0,0,0,0,0
BICH_3236,0,0,0,0,0,0,0
BICH_3237,0,0,0,0,0,0,0
BICH_3238,0,0,0,0,0,0,0
BICH_3250,0,0,0,0,0,0,0
BICH_3254,0,0,0,0,0,0,0
BICH_3268,0,0,0,0,0,0,0
BICH_3274,0,0,0,0,0,0,0
BICH_3280,0,0,0,0,0,0,0
BICH_3281,0,0,0,0,0,0,0
BICH_3286,0,0,0,0,0,0,0
BICH_3292,0,0,0,0,0,0,0
BICH_3294,0,0,0,0,0,0,0
BICH_3301,0,0,0,0,0,0,0
BICH_3305,0,0,0,0,0,0,0
BICH_3308,0,0,0,0,0,0,0
BICH_3309,0,0,0,0,0,0,0
BICH_3310,0,0,0,0,0,0,0
BICH_3312,0,0,0,0,0,0,0
BICH_3322,0,0,0,0,0,0,0
BICH_3323,0,0,0,0,0,0,0
BICH_3324,0,0,0,0,0,0,0
BICH_3325,0,0,0,0,0,0,0
BICH_3340,0,0,0,0,0,0,0
BICH_3341,0,0,0,0,0,0,0
BICH_3343,0,0,0,0,0,0,0
BICH_3351,0,0,0,0,0,0,0
BICH_3353,0,0,0,0,0,0,0
BICH_3356,0,0,0,0,0,0,0
BICH_3362,0,0,0,0,0,0,0
BICH_3364,0,0,0,0,0,0,0
BICH_3366,0,0,0,0,0,0,0
BICH_3367,0,0,0,0,0,0,0
BICH_3379,0,0,0,0,0,0,0
BICH_3382,0,0,0,0,0,0,0
BICH_3383,0,0,0,0,0,0,0
BICH_3391,0,0,0,0,0,0,0
BICH_3393,0,0,0,0,0,0,0
BICH_3397,0,0,0,0,0,0,0
BICH_3398,0,0,0,0,0,0,0
BICH_3401,0,0,0,0,0,0,0
BICH_3402,0,0,0,0,0,0,0
BICH_3409,0,0,0,0,0,0,0
BICH_3419,0,0,0,0,0,0,0
BICH_3423,0,0,0,0,0,0,0
BICH_3425,0,0,0,0,0,0,0
BICH_3438,0,0,0,0,0,0,0
BICH_3440,0,0,0,0,0,0,0
BICH_3444,0,0,0,0,0,0,0
BICH_3448,0,0,0,0,0,0,0
BICH_3449,0,0,0,0,0,0,0
BICH_3458,0,0,0,0,0,0,0
BICH_3460,0,0,0,0,0,0,0
BICH_3466,0,0,0,0,0,0,0
BICH_3469,0,0,0,0,0,0,0
BICH_3480,0,0,0,0,0,0,0
BICH_3481,0,0,0,0,0,0,0
BICH_3488,0,0,0,0,0,0,0
BICH_3490,0,0,0,0,0,0,0
BICH_3494,0,0,0,0,0,0,0
BICH_3495,0,0,0,0,0,0,0
BICH_3497,0,0,0,0,0,0,0
BICH_3498,0,0,0,0,0,0,0
BICH_3501,0,0,0,0,0,0,0
BICH_3506,0,0,0,0,0,0,0
BICH_3510,0,0,0,0,0,0,0
BICH_3514,0,0,0,0,0,0,0
BICH_3515,0,0,0,0,0,0,0
BICH_3522,0,0,0,0,0,0,0
BICH_3525,0,0,0,0,0,0,0
BICH_3530,0,0,0,0,0,0,0
BICH_3536,0,0,0,0,0,0,0
BICH_3538,0,0,0,0,0,0,0
BICH_3540,0,0,0,0,0,0,0
BICH_3545,0,0,0,0,0,0,0
BICH_3547,0,0,0,0,0,0,0
BICH_3559,0,0,0,0,0,0,0
BICH_3564,0,0,0,0,0,0,0
BICH_3567,0,0,0,0,0,0,0
BICH_3571,0,0,0,0,0,0,0
BICH_3580,0,0,0,0,0,0,0
BICH_3585,0,0,0,0,0,0,0
BICH_3601,0,0,0,0,0,0,0
BICH_3602,0,0,0,0,0,0,0
BICH_3604,0,0,0,0,0,0,0
BICH_3608,0,0,0,0,0,0,0
BICH_3629,0,0,0,0,0,0,0
BICH_3645,0,0,0,0,0,0,0
BICH_3652,0,0,0,0,0,0,0
BICH_3659,0,0,0,0,0,0,0
BICH_3660,0,0,0,0,0,0,0
BICH_3669,0,0,0,0,0,0,0
BICH_3673,0,0,0,0,0,0,0
BICH_3676,0,0,0,0,0,0,0
BICH_3679,0,0,0,0,0,0,0
BICH_3680,0,0,0,0,0,0,0
BICH_3690,0,0,0,0,0,0,0
BICH_3695,0,0,0,0,0,0,0
BICH_3701,0,0,0,0,0,0,0
BICH_3704,0,0,0,0,0,0,0
BICH_3708,0,0,0,0,0,0,0
BICH_3713,0,0,0,0,0,0,0
BICH_3731,0,0,0,0,0,0,0
BICH_3738,0,0,0,0,0,0,0
BICH_3743,0,0,0,0,0,0,0
BICH_3745,0,0,0,0,0,0,0
BICH_3752,0,0,0,0,0,0,0
BICH_3764,0,0,0,0,0,0,0
BICH_3765,0,0,0,0,0,0,0
BICH_3766,0,0,0,0,0,0,0
BICH_3770,0,0,0,0,0,0,0
BICH_3774,0,0,0,0,0,0,0
BICH_3777,0,0,0,0,0,0,0
BICH_3783,0,0,0,0,0,0,0
BICH_3784,0,0,0,0,0,0,0
BICH_3786,0,0,0,0,0,0,0
BICH_3790,0,0,0,0,0,0,0
BICH_3793,0,0,0,0,0,0,0
BICH_3796,0,0,0,0,0,0,0
BICH_3800,0,0,0,0,0,0,0
BICH_3805,0,0,0,0,0,0,0
BICH_3806,0,0,0,0,0,0,0
BICH_3814,0,0,0,0,0,0,0
BICH_3815,0,0,0,0,0,0,0
BICH_3816,0,0,0,0,0,0,0
BICH_3817,0,0,0,0,0,0,0
BICH_3820,0,0,0,0,0,0,0
BICH_3822,0,0,0,0,0,0,0
BICH_3823,0,0,0,0,0,0,0
BICH_3827,0,0,0,0,0,0,0
BICH_3832,0,0,0,0,0,0,0
BICH_3836,0,0,0,0,0,0,0
BICH_3839,0,0,0,0,0,0,0
BICH_3841,0,0,0,0,0,0,0
BICH_3843,0,0,0,0,0,0,0
BICH_3848,0,0,0,0,0,0,0
BICH_3850,0,0,0,0,0,0,0
BICH_3852,0,0,0,0,0,0,0
BICH_3853,0,0,0,0,0,0,0
BICH_3855,0,0,0,0,0,0,0
BICH_3870,0,0,0,0,0,0,0
BICH_3871,0,0,0,0,0,0,0
BICH_3872,0,0,0,0,0,0,0
BICH_3875,0,0,0,0,0,0,0
BICH_3881,0,0,0,0,0,0,0
BICH_3883,0,0,0,0,0,0,0
BICH_3887,0,0,0,0,0,0,0
BICH_3892,0,0,0,0,0,0,0
BICH_3894,0,0,0,0,0,0,0
BICH_3896,0,0,0,0,0,0,0
BICH_3898,0,0,0,0,0,0,0
BICH_3913,0,0,0,0,0,0,0
BICH_3918,0,0,0,0,0,0,0
BICH_3919,0,0,0,0,0,0,0
BICH_3921,0,0,0,0,0,0,0
BICH_3923,0,0,0,0,0,0,0
BICH_3931,0,0,0,0,0,0,0
BICH_3932,0,0,0,0,0,0,0
BICH_3940,0,0,0,0,0,0,0
BICH_3954,0,0,0,0,0,0,0
BICH_3977,0,0,0,0,0,0,0
BICH_3978,0,0,0,0,0,0,0
BICH_3982,0,0,0,0,0,0,0
BICH_3983,0,0,0,0,0,0,0
BICH_3998,0,0,0,0,0,0,0
BICH_4000,0,0,0,0,0,0,0
BICH_4001,0,0,0,0,0,0,0
BICH_4008,0,0,0,0,0,0,0
BICH_4010,0,0,0,0,0,0,0
BICH_4014,0,0,0,0,0,0,0
BICH_4015,0,0,0,0,0,0,0
BICH_4022,0,0,0,0,0,0,0
BICH_4031,0,0,0,0,0,0,0
BICH_4032,0,0,0,0,0,0,0
BICH_4038,0,0,0,0,0,0,0
BICH_4050,0,0,0,0,0,0,0
BICH_4052,0,0,0,0,0,0,0
BICH_4053,0,0,0,0,0,0,0
BICH_4058,0,0,0,0,0,0,0
BICH_4065,0,0,0,0,0,0,0
BICH_4066,0,0,0,0,0,0,0
BICH_4069,0,0,0,0,0,0,0
BICH_4075,0,0,0,0,0,0,0
BICH_4080,0,0,0,0,0,0,0
BICH_4087,0,0,0,0,0,0,0
BICH_4088,0,0,0,0,0,0,0
BICH_4105,0,0,0,0,0,0,0
BICH_4108,0,0,0,0,0,0,0
BICH_4123,0,0,0,0,0,0,0
BICH_4128,0,0,0,0,0,0,0
BICH_4129,0,0,0,0,0,0,0
BICH_4131,0,0,0,0,0,0,0
BICH_4138,0,0,0,0,0,0,0
BICH_4142,0,0,0,0,0,0,0
BICH_4143,0,0,0,0,0,0,0
BICH_4144,0,0,0,0,0,0,0
BICH_4146,0,0,0,0,0,0,0
BICH_4147,0,0,0,0,0,0,0
BICH_4150,0,0,0,0,0,0,0
BICH_4153,0,0,0,0,0,0,0
BICH_4165,0,0,0,0,0,0,0
BICH_4166,0,0,0,0,0,0,0
BICH_4183,0,0,0,0,0,0,0
BICH_4186,0,0,0,0,0,0,0
BICH_4188,0,0,0,0,0,0,0
BICH_4192,0,0,0,0,0,0,0
BICH_4193,0,0,0,0,0,0,0
BICH_4196,0,0,0,0,0,0,0
BICH_4197,0,0,0,0,0,0,0
BICH_4200,0,0,0,0,0,0,0
BICH_4202,0,0,0,0,0,0,0
BICH_4209,0,0,0,0,0,0,0
BICH_4216,0,0,0,0,0,0,0
BICH_4220,0,0,0,0,0,0,0
BICH_4224,0,0,0,0,0,0,0
BICH_4226,0,0,0,0,0,0,0
BICH_4254,0,0,0,0,0,0,0
BICH_4260,0,0,0,0,0,0,0
BICH_4270,0,0,0,0,0,0,0
BICH_4279,0,0,0,0,0,0,0
BICH_4282,0,0,0,0,0,0,0
BICH_4284,0,0,0,0,0,0,0
BICH_4292,0,0,0,0,0,0,0
BICH_4293,0,0,0,0,0,0,0
BICH_4297,0,0,0,0,0,0,0
BICH_4305,0,0,0,0,0,0,0
BICH_4313,0,0,0,0,0,0,0
BICH_4314,0,0,0,0,0,0,0
BICH_4325,0,0,0,0,0,0,0
BICH_4327,0,0,0,0,0,0,0
BICH_4336,0,0,0,0,0,0,0
BICH_4342,0,0,0,0,0,0,0
BICH_4343,0,0,0,0,0,0,0
BICH_4349,0,0,0,0,0,0,0
BICH_4361,0,0,0,0,0,0,0
BICH_4364,0,0,0,0,0,0,0
BICH_4366,0,0,0,0,0,0,0
BICH_4367,0,0,0,0,0,0,0
BICH_4382,0,0,0,0,0,0,0
BICH_4391,0,0,0,0,0,0,0
BICH_4397,0,0,0,0,0,0,0
BICH_4408,0,0,0,0,0,0,0
BICH_4410,0,0,0,0,0,0,0
BICH_4413,0,0,0,0,0,0,0
BICH_4417,0,0,0,0,0,0,0
BICH_4421,0,0,0,0,0,0,0
BICH_4423,0,0,0,0,0,0,0
BICH_4425,0,0,0,0,0,0,0
BICH_4430,0,0,0,0,0,0,0
BICH_4434,0,0,0,0,0,0,0
BICH_4438,0,0,0,0,0,0,0
BICH_4439,0,0,0,0,0,0,0
BICH_4441,0,0,0,0,0,0,0
BICH_4445,0,0,0,0,0,0,0
BICH_4454,0,0,0,0,0,0,0
BICH_4456,0,0,0,0,0,0,0
BICH_4457,0,0,0,0,0,0,0
BICH_4459,0,0,0,0,0,0,0
BICH_4471,0,0,0,0,0,0,0
BICH_4474,0,0,0,0,0,0,0
BICH_4476,0,0,0,0,0,0,0
BICH_4482,0,0,0,0,0,0,0
BICH_4483,0,0,0,0,0,0,0
BICH_4485,0,0,0,0,0,0,0
BICH_4486,0,0,0,0,0,0,0
BICH_4490,0,0,0,0,0,0,0
BICH_4496,0,0,0,0,0,0,0
BICH_4497,0,0,0,0,0,0,0
BICH_4498,0,0,0,0,0,0,0
BICH_4501,0,0,0,0,0,0,0
BICH_4503,0,0,0,0,0,0,0
BICH_4507,0,0,0,0,0,0,0
BICH_4508,0,0,0,0,0,0,0
BICH_4521,0,0,0,0,0,0,0
BICH_4522,0,0,0,0,0,0,0
BICH_4528,0,0,0,0,0,0,0
BICH_4530,0,0,0,0,0,0,0
BICH_4532,0,0,0,0,0,0,0
BICH_4533,0,0,0,0,0,0,0
BICH_4535,0,0,0,0,0,0,0
BICH_4543,0,0,0,0,0,0,0
BICH_4548,0,0,0,0,0,0,0
BICH_4549,0,0,0,0,0,0,0
BICH_4550,0,0,0,0,0,0,0
BICH_4558,0,0,0,0,0,0,0
BICH_4559,0,0,0,0,0,0,0
BICH_4561,0,0,0,0,0,0,0
BICH_4563,0,0,0,0,0,0,0
BICH_4586,0,0,0,0,0,0,0
BICH_4587,0,0,0,0,0,0,0
BICH_4590,0,0,0,0,0,0,0
BICH_4591,0,0,0,0,0,0,0
BICH_4606,0,0,0,0,0,0,0
BICH_4609,0,0,0,0,0,0,0
BICH_4613,0,0,0,0,0,0,0
BICH_4614,0,0,0,0,0,0,0
BICH_4616,0,0,0,0,0,0,0
BICH_4617,0,0,0,0,0,0,0
BICH_4626,0,0,0,0,0,0,0
BICH_4628,0,0,0,0,0,0,0
BICH_4629,0,0,0,0,0,0,0
BICH_4630,0,0,0,0,0,0,0
BICH_4645,0,0,0,0,0,0,0
BICH_4654,0,0,0,0,0,0,0
BICH_4660,0,0,0,0,0,0,0
BICH_4673,0,0,0,0,0,0,0
BICH_4680,0,0,0,0,0,0,0
BICH_4682,0,0,0,0,0,0,0
BICH_4697,0,0,0,0,0,0,0
BICH_4698,0,0,0,0,0,0,0
BICH_4702,0,0,0,0,0,0,0
BICH_4705,0,0,0,0,0,0,0
BICH_4709,0,0,0,0,0,0,0
BICH_4717,0,0,0,0,0,0,0
BICH_4723,0,0,0,0,0,0,0
BICH_4724,0,0,0,0,0,0,0
BICH_4730,0,0,0,0,0,0,0
BICH_4739,0,0,0,0,0,0,0
BICH_4748,0,0,0,0,0,0,0
BICH_4754,0,0,0,0,0,0,0
BICH_4756,0,0,0,0,0,0,0
BICH_4757,0,0,0,0,0,0,0
BICH_4761,0,0,0,0,0,0,0
BICH_4772,0,0,0,0,0,0,0
BICH_4773,0,0,0,0,0,0,0
BICH_4777,0,0,0,0,0,0,0
BICH_4780,0,0,0,0,0,0,0
BICH_4784,0,0,0,0,0,0,0
BICH_4785,0,0,0,0,0,0,0
BICH_4787,0,0,0,0,0,0,0
BICH_4791,0,0,0,0,0,0,0
BICH_4794,0,0,0,0,0,0,0
BICH_4795,0,0,0,0,0,0,0
